[{"version":"0.1.7","changelog":["Honestly don't know much.","Added a new fix. If you ever have a decimal number of items, it wont break anything anymore. Blame my emc mod for me fixing this..."]},{"version":"0.1.6","changelog":["Error Viewer.","Error icons on entities."]},{"version":"0.1.5","changelog":["Started Work on mod specific fixed. Added failsafe for CCT and possibly fixed Wrexcavator errors.","Added dialog disabling forceload when there are mod differences.","Added button to forceload without failing save first.","Set mod's warning buttons to timeout."]},{"version":"0.1.0","changelog":["Combined Save My Save code into Who Cares","Added information dialog about Save My Save","Added missing and corrupt building removal","Added dialog for confirming forceloading","Fixed missing mod screen bug that errors on loading save"]}]